Workbook

Sheet Datos históricos de Credicorp (
C2: Analisis Cuantitativo de las Acciones de Credicorp
C3: (En Dólares)
D5: Inicio | F5: =MIN('Datos históricos de Credicorp ('!$D$12:$D$432) -> 45659 | H5: Max | J5: =MAX(BAP_Data_Raw[[#All],[Último]]) -> 402.27
D6: Fin | F6: =MAX('Datos históricos de Credicorp ('!$D$12:$D$432) -> 46269 | H6: Min | J6: =MIN(BAP_Data_Raw[[#All],[Último]]) -> 169.89
H7: Promedio | J7: =AVERAGE(BAP_Data_Raw[[#All],[Último]]) -> 276.71721
H8: Var Prom. (%) | J8: =AVERAGE(BAP_Data_Raw[% var.]) -> 0.0019433333
D12: Fecha | E12: Último | F12: Apertura | G12: Máximo | H12: Mínimo | I12: Vol. | J12: % var. | K12: Rango
D13: 46269 | E13: 382.53 | F13: 380.33 | G13: 385.26 | H13: 380.12 | I13: 149.37 | J13: -0.0043 | K13: ='Datos históricos de Credicorp ('!$F13-'Datos históricos de Credicorp ('!$G13 -> -4.93
D14: 46268 | E14: 384.19 | F14: 382.06 | G14: 386.2 | H14: 377.71 | I14: 215.16 | J14: 0.0122 | K14: ='Datos históricos de Credicorp ('!$F14-'Datos históricos de Credicorp ('!$G14 -> -4.14
D15: 46267 | E15: 379.56 | F15: 374.93 | G15: 383.8 | H15: 372.52 | I15: 278.6 | J15: 0.0189 | K15: ='Datos históricos de Credicorp ('!$F15-'Datos históricos de Credicorp ('!$G15 -> -8.87
D16: 46266 | E16: 372.52 | F16: 366.02 | G16: 374.36 | H16: 364.49 | I16: 293.93 | J16: 0.0168 | K16: ='Datos históricos de Credicorp ('!$F16-'Datos históricos de Credicorp ('!$G16 -> -8.34
D17: 46265 | E17: 366.38 | F17: 372.48 | G17: 373.47 | H17: 365.65 | I17: 389.09 | J17: -0.0055 | K17: ='Datos históricos de Credicorp ('!$F17-'Datos históricos de Credicorp ('!$G17 -> -0.99
D18: 46262 | E18: 368.4 | F18: 377.79 | G18: 377.79 | H18: 367.96 | I18: 554.8 | J18: -0.0129 | K18: ='Datos históricos de Credicorp ('!$F18-'Datos históricos de Credicorp ('!$G18 -> 0
D19: 46261 | E19: 373.2 | F19: 380.99 | G19: 383.01 | H19: 372.09 | I19: 310.58 | J19: -0.0244 | K19: ='Datos históricos de Credicorp ('!$F19-'Datos históricos de Credicorp ('!$G19 -> -2.02
D20: 46260 | E20: 382.55 | F20: 382.88 | G20: 385.97 | H20: 380.88 | I20: 240.57 | J20: -0.002 | K20: ='Datos históricos de Credicorp ('!$F20-'Datos históricos de Credicorp ('!$G20 -> -3.09
D21: 46259 | E21: 383.3 | F21: 381.54 | G21: 383.69 | H21: 375.21 | I21: 214.64 | J21: 0.0094 | K21: ='Datos históricos de Credicorp ('!$F21-'Datos históricos de Credicorp ('!$G21 -> -2.15
D22: 46258 | E22: 379.74 | F22: 379.09 | G22: 381.54 | H22: 375.18 | I22: 199.26 | J22: 0.002 | K22: ='Datos históricos de Credicorp ('!$F22-'Datos históricos de Credicorp ('!$G22 -> -2.45
D23: 46255 | E23: 378.97 | F23: 375.09 | G23: 379.83 | H23: 373.72 | I23: 192.83 | J23: 0.0237 | K23: ='Datos históricos de Credicorp ('!$F23-'Datos históricos de Credicorp ('!$G23 -> -4.74
D24: 46254 | E24: 370.21 | F24: 368.14 | G24: 377.91 | H24: 368.14 | I24: 298.47 | J24: 0.0033 | K24: ='Datos históricos de Credicorp ('!$F24-'Datos históricos de Credicorp ('!$G24 -> -9.77
... D73: 46183 | E73: 351.66 | F73: 346.84 | G73: 355.88 | H73: 343.41 | I73: 675.13 | J73: 0.0059 | K73: ='Datos históricos de Credicorp ('!$F73-'Datos históricos de Credicorp ('!$G73 -> -9.04
D74: 46182 | E74: 349.61 | F74: 341.7 | G74: 366.22 | H74: 339.09 | I74: 1.43M | J74: 0.0929 | K74: ='Datos históricos de Credicorp ('!$F74-'Datos históricos de Credicorp ('!$G74 -> -24.52
D75: 46181 | E75: 319.89 | F75: 317.99 | G75: 320.98 | H75: 299 | I75: 1.58M | J75: -0.0081 | K75: ='Datos históricos de Credicorp ('!$F75-'Datos históricos de Credicorp ('!$G75 -> -2.99
D76: 46178 | E76: 322.5 | F76: 322.37 | G76: 324.36 | H76: 310.75 | I76: 1.21M | J76: -0.0123 | K76: ='Datos históricos de Credicorp ('!$F76-'Datos históricos de Credicorp ('!$G76 -> -1.99
D77: 46177 | E77: 326.53 | F77: 330.5 | G77: 333.76 | H77: 325 | I77: 679.56 | J77: -0.0027 | K77: ='Datos históricos de Credicorp ('!$F77-'Datos históricos de Credicorp ('!$G77 -> -3.26
D78: 46176 | E78: 327.42 | F78: 339.58 | G78: 343.31 | H78: 327.42 | I78: 822.15 | J78: -0.048 | K78: ='Datos históricos de Credicorp ('!$F78-'Datos históricos de Credicorp ('!$G78 -> -3.73
D79: 46175 | E79: 343.93 | F79: 340.58 | G79: 344.88 | H79: 337.18 | I79: 256.36 | J79: 0.0099 | K79: ='Datos históricos de Credicorp ('!$F79-'Datos históricos de Credicorp ('!$G79 -> -4.3
D80: 46174 | E80: 340.56 | F80: 339.55 | G80: 343.8 | H80: 335.75 | I80: 307.63 | J80: -0.006 | K80: ='Datos históricos de Credicorp ('!$F80-'Datos históricos de Credicorp ('!$G80 -> -4.25
D81: 46171 | E81: 342.63 | F81: 340.79 | G81: 347.64 | H81: 337.67 | I81: 792.26 | J81: 0.0033 | K81: ='Datos históricos de Credicorp ('!$F81-'Datos históricos de Credicorp ('!$G81 -> -6.85
D82: 46170 | E82: 341.5 | F82: 345.77 | G82: 345.77 | H82: 336.82 | I82: 684.97 | J82: -0.0194 | K82: ='Datos históricos de Credicorp ('!$F82-'Datos históricos de Credicorp ('!$G82 -> 0
D83: 46169 | E83: 348.24 | F83: 351.24 | G83: 354.41 | H83: 343.08 | I83: 345.54 | J83: -0.01 | K83: ='Datos históricos de Credicorp ('!$F83-'Datos históricos de Credicorp ('!$G83 -> -3.17
D84: 46168 | E84: 351.75 | F84: 337.3 | G84: 353.61 | H84: 336.11 | I84: 309.55 | J84: 0.0522 | K84: ='Datos históricos de Credicorp ('!$F84-'Datos históricos de Credicorp ('!$G84 -> -16.31
D85: 46164 | E85: 334.3 | F85: 344.48 | G85: 350 | H85: 332.55 | I85: 454.92 | J85: -0.0282 | K85: ='Datos históricos de Credicorp ('!$F85-'Datos históricos de Credicorp ('!$G85 -> -5.52
D86: 46163 | E86: 344 | F86: 331.42 | G86: 345.77 | H86: 328.91 | I86: 531.81 | J86: 0.0322 | K86: ='Datos históricos de Credicorp ('!$F86-'Datos históricos de Credicorp ('!$G86 -> -14.35
D87: 46162 | E87: 333.27 | F87: 313.37 | G87: 335.55 | H87: 313.37 | I87: 668.89 | J87: 0.0554 | K87: ='Datos históricos de Credicorp ('!$F87-'Datos históricos de Credicorp ('!$G87 -> -22.18
D88: 46161 | E88: 315.79 | F88: 306.43 | G88: 316.57 | H88: 303.87 | I88: 648.77 | J88: 0.0393 | K88: ='Datos históricos de Credicorp ('!$F88-'Datos históricos de Credicorp ('!$G88 -> -10.14
... D110: 46129 | E110: 331.94 | F110: 341.22 | G110: 349.32 | H110: 328.42 | I110: 718.23 | J110: -0.0243 | K110: ='Datos históricos de Credicorp ('!$F110-'Datos históricos de Credicorp ('!$G110 -> -8.1
D111: 46128 | E111: 340.22 | F111: 318.12 | G111: 340.97 | H111: 316.05 | I111: 1.05M | J111: 0.075 | K111: ='Datos históricos de Credicorp ('!$F111-'Datos históricos de Credicorp ('!$G111 -> -22.85
D112: 46127 | E112: 316.49 | F112: 358.2 | G112: 358.2 | H112: 314.52 | I112: 1.33M | J112: -0.1149 | K112: ='Datos históricos de Credicorp ('!$F112-'Datos históricos de Credicorp ('!$G112 -> 0
D113: 46126 | E113: 357.59 | F113: 362.47 | G113: 362.47 | H113: 354.04 | I113: 347.19 | J113: -0.0104 | K113: ='Datos históricos de Credicorp ('!$F113-'Datos históricos de Credicorp ('!$G113 -> 0
D114: 46125 | E114: 361.34 | F114: 351.5 | G114: 365.46 | H114: 347.38 | I114: 644.39 | J114: 0.0341 | K114: ='Datos históricos de Credicorp ('!$F114-'Datos históricos de Credicorp ('!$G114 -> -13.96
D115: 46122 | E115: 349.42 | F115: 353.13 | G115: 358.65 | H115: 346.82 | I115: 291.53 | J115: -0.0084 | K115: ='Datos históricos de Credicorp ('!$F115-'Datos históricos de Credicorp ('!$G115 -> -5.52
D116: 46121 | E116: 352.37 | F116: 350.1 | G116: 354.94 | H116: 346.11 | I116: 435.41 | J116: 0.0003 | K116: ='Datos históricos de Credicorp ('!$F116-'Datos históricos de Credicorp ('!$G116 -> -4.84
D117: 46120 | E117: 352.25 | F117: 347.73 | G117: 357 | H117: 347.73 | I117: 337.94 | J117: 0.0439 | K117: ='Datos históricos de Credicorp ('!$F117-'Datos históricos de Credicorp ('!$G117 -> -9.27
D118: 46119 | E118: 337.44 | F118: 336.92 | G118: 339.13 | H118: 332.46 | I118: 196.83 | J118: -0.0041 | K118: ='Datos históricos de Credicorp ('!$F118-'Datos históricos de Credicorp ('!$G118 -> -2.21
D119: 46118 | E119: 338.83 | F119: 339.49 | G119: 343.86 | H119: 337.26 | I119: 180.69 | J119: -0.0034 | K119: ='Datos históricos de Credicorp ('!$F119-'Datos históricos de Credicorp ('!$G119 -> -4.37
D120: 46114 | E120: 339.98 | F120: 333.56 | G120: 343.61 | H120: 330.42 | I120: 175.93 | J120: -0.0038 | K120: ='Datos históricos de Credicorp ('!$F120-'Datos históricos de Credicorp ('!$G120 -> -10.05
D121: 46113 | E121: 341.26 | F121: 345.9 | G121: 348 | H121: 340.97 | I121: 295.17 | J121: 0.0061 | K121: ='Datos históricos de Credicorp ('!$F121-'Datos históricos de Credicorp ('!$G121 -> -2.1
D122: 46112 | E122: 339.18 | F122: 326.52 | G122: 340.01 | H122: 320.13 | I122: 469.85 | J122: 0.0618 | K122: ='Datos históricos de Credicorp ('!$F122-'Datos históricos de Credicorp ('!$G122 -> -13.49
D123: 46111 | E123: 319.43 | F123: 323.91 | G123: 323.91 | H123: 316.7 | I123: 285.04 | J123: -0.0093 | K123: ='Datos históricos de Credicorp ('!$F123-'Datos históricos de Credicorp ('!$G123 -> 0
D124: 46108 | E124: 322.43 | F124: 328.46 | G124: 329.89 | H124: 319.77 | I124: 384.34 | J124: -0.0186 | K124: ='Datos históricos de Credicorp ('!$F124-'Datos históricos de Credicorp ('!$G124 -> -1.43
... D152: 46070 | E152: 333.18 | F152: 332.29 | G152: 337.58 | H152: 325.64 | I152: 912.73 | J152: 0.0102 | K152: ='Datos históricos de Credicorp ('!$F152-'Datos históricos de Credicorp ('!$G152 -> -5.29
D153: 46066 | E153: 329.81 | F153: 324.25 | G153: 333.82 | H153: 318.14 | I153: 1.12M | J153: -0.033 | K153: ='Datos históricos de Credicorp ('!$F153-'Datos históricos de Credicorp ('!$G153 -> -9.57
D154: 46065 | E154: 341.05 | F154: 343.96 | G154: 346.23 | H154: 339.42 | I154: 569.85 | J154: -0.0077 | K154: ='Datos históricos de Credicorp ('!$F154-'Datos históricos de Credicorp ('!$G154 -> -2.27
D155: 46064 | E155: 343.68 | F155: 351.39 | G155: 352.5 | H155: 343.3 | I155: 670.38 | J155: -0.0139 | K155: ='Datos históricos de Credicorp ('!$F155-'Datos históricos de Credicorp ('!$G155 -> -1.11
D156: 46063 | E156: 348.54 | F156: 357.62 | G156: 360 | H156: 346.59 | I156: 633.84 | J156: -0.023 | K156: ='Datos históricos de Credicorp ('!$F156-'Datos históricos de Credicorp ('!$G156 -> -2.38
D157: 46062 | E157: 356.74 | F157: 354.08 | G157: 358.4 | H157: 350.79 | I157: 918.05 | J157: 0.0097 | K157: ='Datos históricos de Credicorp ('!$F157-'Datos históricos de Credicorp ('!$G157 -> -4.32
D158: 46059 | E158: 353.3 | F158: 360.3 | G158: 364.57 | H158: 351.63 | I158: 803.05 | J158: -0.0087 | K158: ='Datos históricos de Credicorp ('!$F158-'Datos históricos de Credicorp ('!$G158 -> -4.27
D159: 46058 | E159: 356.4 | F159: 358.9 | G159: 362.48 | H159: 351.66 | I159: 559.38 | J159: -0.0199 | K159: ='Datos históricos de Credicorp ('!$F159-'Datos históricos de Credicorp ('!$G159 -> -3.58
D160: 46057 | E160: 363.63 | F160: 374.16 | G160: 377.05 | H160: 359.14 | I160: 406.99 | J160: -0.031 | K160: ='Datos históricos de Credicorp ('!$F160-'Datos históricos de Credicorp ('!$G160 -> -2.89
D161: 46056 | E161: 375.25 | F161: 372.81 | G161: 380.2 | H161: 370 | I161: 925.91 | J161: 0.02 | K161: ='Datos históricos de Credicorp ('!$F161-'Datos históricos de Credicorp ('!$G161 -> -7.39
D162: 46055 | E162: 367.91 | F162: 355.34 | G162: 368.77 | H162: 353.79 | I162: 327.07 | J162: 0.0311 | K162: ='Datos históricos de Credicorp ('!$F162-'Datos históricos de Credicorp ('!$G162 -> -13.43
D163: 46052 | E163: 356.83 | F163: 360.31 | G163: 362.41 | H163: 351.94 | I163: 973.27 | J163: -0.0235 | K163: ='Datos históricos de Credicorp ('!$F163-'Datos históricos de Credicorp ('!$G163 -> -2.1
D164: 46051 | E164: 365.42 | F164: 361 | G164: 365.42 | H164: 353.99 | I164: 495.2 | J164: 0.0202 | K164: ='Datos históricos de Credicorp ('!$F164-'Datos históricos de Credicorp ('!$G164 -> -4.42
D165: 46050 | E165: 358.18 | F165: 356.15 | G165: 359.22 | H165: 348.12 | I165: 540.31 | J165: 0.0057 | K165: ='Datos históricos de Credicorp ('!$F165-'Datos históricos de Credicorp ('!$G165 -> -3.07
D166: 46049 | E166: 356.15 | F166: 352.82 | G166: 359.86 | H166: 351.34 | I166: 1.15M | J166: 0.0205 | K166: ='Datos históricos de Credicorp ('!$F166-'Datos históricos de Credicorp ('!$G166 -> -7.04
D167: 46048 | E167: 349 | F167: 342.92 | G167: 350.6 | H167: 342.3 | I167: 825.27 | J167: 0.0136 | K167: ='Datos históricos de Credicorp ('!$F167-'Datos históricos de Credicorp ('!$G167 -> -7.68
D168: 46045 | E168: 344.33 | F168: 341.5 | G168: 344.5 | H168: 335.89 | I168: 424.46 | J168: 0.0109 | K168: ='Datos históricos de Credicorp ('!$F168-'Datos históricos de Credicorp ('!$G168 -> -3
D169: 46044 | E169: 340.61 | F169: 333.61 | G169: 341.55 | H169: 332.65 | I169: 563.05 | J169: 0.0241 | K169: ='Datos históricos de Credicorp ('!$F169-'Datos históricos de Credicorp ('!$G169 -> -7.94
D170: 46043 | E170: 332.59 | F170: 327.19 | G170: 333.43 | H170: 326.25 | I170: 396.99 | J170: 0.0173 | K170: ='Datos históricos de Credicorp ('!$F170-'Datos históricos de Credicorp ('!$G170 -> -6.24
D171: 46042 | E171: 326.93 | F171: 318.99 | G171: 328.41 | H171: 318.74 | I171: 369.9 | J171: 0.0158 | K171: ='Datos históricos de Credicorp ('!$F171-'Datos históricos de Credicorp ('!$G171 -> -9.42
D172: 46038 | E172: 321.83 | F172: 316.99 | G172: 322.68 | H172: 316.01 | I172: 353.7 | J172: 0.0096 | K172: ='Datos históricos de Credicorp ('!$F172-'Datos históricos de Credicorp ('!$G172 -> -5.69
D173: 46037 | E173: 318.78 | F173: 318.89 | G173: 322.77 | H173: 317.86 | I173: 628 | J173: 0.0056 | K173: ='Datos históricos de Credicorp ('!$F173-'Datos históricos de Credicorp ('!$G173 -> -3.88
D174: 46036 | E174: 316.99 | F174: 313 | G174: 318.19 | H174: 312.31 | I174: 323.87 | J174: 0.0176 | K174: ='Datos históricos de Credicorp ('!$F174-'Datos históricos de Credicorp ('!$G174 -> -5.19
D175: 46035 | E175: 311.5 | F175: 308.34 | G175: 312.33 | H175: 304.78 | I175: 460.82 | J175: 0.0142 | K175: ='Datos históricos de Credicorp ('!$F175-'Datos históricos de Credicorp ('!$G175 -> -3.99
D176: 46034 | E176: 307.15 | F176: 302.15 | G176: 307.57 | H176: 302.15 | I176: 217.92 | J176: 0.0165 | K176: ='Datos históricos de Credicorp ('!$F176-'Datos históricos de Credicorp ('!$G176 -> -5.42
D177: 46031 | E177: 302.15 | F177: 303.78 | G177: 305.9 | H177: 301 | I177: 379.99 | J177: -0.0056 | K177: ='Datos históricos de Credicorp ('!$F177-'Datos históricos de Credicorp ('!$G177 -> -2.12
D178: 46030 | E178: 303.84 | F178: 294.05 | G178: 304.24 | H178: 294.05 | I178: 371.3 | J178: 0.0345 | K178: ='Datos históricos de Credicorp ('!$F178-'Datos históricos de Credicorp ('!$G178 -> -10.19
... D432: 45659 | E432: 184 | F432: 182.84 | G432: 185.5 | H432: 182.69 | I432: 164.91 | J432: 0.0037 | K432: ='Datos históricos de Credicorp ('!$F432-'Datos históricos de Credicorp ('!$G432 -> -2.66
